code NAF,GS
01.11Z,GS0
01.12Z,GS0
01.13Z,GS0
01.14Z,GS0
01.15Z,GS0
01.16Z,GS0
01.19Z,GS0
01.21Z,GS0
01.22Z,GS0
01.23Z,GS0
01.24Z,GS0
01.25Z,GS0
01.26Z,GS0
01.27Z,GS0
01.28Z,GS0
01.29Z,GS0
01.30Z,GS0
01.41Z,GS0
01.42Z,GS0
01.43Z,GS0
01.44Z,GS0
01.45Z,GS0
01.46Z,GS0
01.47Z,GS0
01.49Z,GS0
01.50Z,GS0
01.61Z,GS0
01.62Z,GS0
01.63Z,GS0
01.64Z,GS0
01.70Z,GS0
02.10Z,GS0
02.20Z,GS0
02.30Z,GS0
02.40Z,GS0
03.11Z,GS0
03.12Z,GS0
03.21Z,GS0
03.22Z,GS0
05.10Z,GS1
05.20Z,GS1
06.10Z,GS1
06.20Z,GS1
07.10Z,GS1
07.21Z,GS1
07.29Z,GS1
08.11Z,GS1
08.12Z,GS1
08.91Z,GS1
08.92Z,GS1
08.93Z,GS1
08.99Z,GS1
09.10Z,GS1
09.90Z,GS1
10.11Z,GS1
10.12Z,GS1
10.13A,GS1
10.13B,GS1
10.20Z,GS1
10.31Z,GS1
10.32Z,GS1
10.39A,GS1
10.39B,GS1
10.41A,GS1
10.41B,GS1
10.42Z,GS1
10.51A,GS1
10.51B,GS1
10.51C,GS1
10.51D,GS1
10.52Z,GS1
10.61A,GS1
10.61B,GS1
10.62Z,GS1
10.71A,GS1
10.71B,GS1
10.71C,GS1
10.71D,GS1
10.72Z,GS1
10.73Z,GS1
10.81Z,GS1
10.82Z,GS1
10.83Z,GS1
10.84Z,GS1
10.85Z,GS1
10.86Z,GS1
10.89Z,GS1
10.91Z,GS1
10.92Z,GS1
11.01Z,GS1
11.02A,GS1
11.02B,GS1
11.03Z,GS1
11.04Z,GS1
11.05Z,GS1
11.06Z,GS1
11.07A,GS1
11.07B,GS1
12.00Z,GS1
13.10Z,GS1
13.20Z,GS1
13.30Z,GS1
13.91Z,GS1
13.92Z,GS1
13.93Z,GS1
13.94Z,GS1
13.95Z,GS1
13.96Z,GS1
13.99Z,GS1
14.11Z,GS1
14.12Z,GS1
14.13Z,GS1
14.14Z,GS1
14.19Z,GS1
14.20Z,GS1
14.31Z,GS1
14.39Z,GS1
15.11Z,GS1
15.12Z,GS1
15.20Z,GS1
16.10A,GS1
16.10B,GS1
16.21Z,GS1
16.22Z,GS1
16.23Z,GS1
16.24Z,GS1
16.29Z,GS1
17.11Z,GS1
17.12Z,GS1
17.21A,GS1
17.21B,GS1
17.21C,GS1
17.22Z,GS1
17.23Z,GS1
17.24Z,GS1
17.29Z,GS1
18.11Z,GS1
18.12Z,GS1
18.13Z,GS1
18.14Z,GS1
18.20Z,GS1
19.10Z,GS1
19.20Z,GS1
20.11Z,GS1
20.12Z,GS1
20.13A,GS1
20.13B,GS1
20.14Z,GS1
20.15Z,GS1
20.16Z,GS1
20.17Z,GS1
20.20Z,GS1
20.30Z,GS1
20.41Z,GS1
20.42Z,GS1
20.51Z,GS1
20.52Z,GS1
20.53Z,GS1
20.59Z,GS1
20.60Z,GS1
21.10Z,GS1
21.20Z,GS1
22.11Z,GS1
22.19Z,GS1
22.21Z,GS1
22.22Z,GS1
22.23Z,GS1
22.29A,GS1
22.29B,GS1
23.11Z,GS1
23.12Z,GS1
23.13Z,GS1
23.14Z,GS1
23.19Z,GS1
23.20Z,GS1
23.31Z,GS1
23.32Z,GS1
23.41Z,GS1
23.42Z,GS1
23.43Z,GS1
23.44Z,GS1
23.49Z,GS1
23.51Z,GS1
23.52Z,GS1
23.61Z,GS1
23.62Z,GS1
23.63Z,GS1
23.64Z,GS1
23.65Z,GS1
23.69Z,GS1
23.70Z,GS1
23.91Z,GS1
23.99Z,GS1
24.10Z,GS1
24.20Z,GS1
24.31Z,GS1
24.32Z,GS1
24.33Z,GS1
24.34Z,GS1
24.41Z,GS1
24.42Z,GS1
24.43Z,GS1
24.44Z,GS1
24.45Z,GS1
24.46Z,GS1
24.51Z,GS1
24.52Z,GS1
24.53Z,GS1
24.54Z,GS1
25.11Z,GS1
25.12Z,GS1
25.21Z,GS1
25.29Z,GS1
25.30Z,GS1
25.40Z,GS1
25.50A,GS1
25.50B,GS1
25.61Z,GS1
25.62A,GS1
25.62B,GS1
25.71Z,GS1
25.72Z,GS1
25.73A,GS1
25.73B,GS1
25.91Z,GS1
25.92Z,GS1
25.93Z,GS1
25.94Z,GS1
25.99A,GS1
25.99B,GS1
26.11Z,GS1
26.12Z,GS1
26.20Z,GS1
26.30Z,GS1
26.40Z,GS1
26.51A,GS1
26.51B,GS1
26.52Z,GS1
26.60Z,GS1
26.70Z,GS1
26.80Z,GS1
27.11Z,GS1
27.12Z,GS1
27.20Z,GS1
27.31Z,GS1
27.32Z,GS1
27.33Z,GS1
27.40Z,GS1
27.51Z,GS1
27.52Z,GS1
27.90Z,GS1
28.11Z,GS1
28.12Z,GS1
28.13Z,GS1
28.14Z,GS1
28.15Z,GS1
28.21Z,GS1
28.22Z,GS1
28.23Z,GS1
28.24Z,GS1
28.25Z,GS1
28.29A,GS1
28.29B,GS1
28.30Z,GS1
28.41Z,GS1
28.49Z,GS1
28.91Z,GS1
28.92Z,GS1
28.93Z,GS1
28.94Z,GS1
28.95Z,GS1
28.96Z,GS1
28.99A,GS1
28.99B,GS1
29.10Z,GS1
29.20Z,GS1
29.31Z,GS1
29.32Z,GS1
30.11Z,GS1
30.12Z,GS1
30.20Z,GS1
30.30Z,GS1
30.40Z,GS1
30.91Z,GS1
30.92Z,GS1
30.99Z,GS1
31.01Z,GS1
31.02Z,GS1
31.03Z,GS1
31.09A,GS1
31.09B,GS1
32.11Z,GS1
32.12Z,GS1
32.13Z,GS1
32.20Z,GS1
32.30Z,GS1
32.40Z,GS1
32.50A,GS1
32.50B,GS1
32.91Z,GS1
32.99Z,GS1
33.11Z,GS1
33.12Z,GS1
33.13Z,GS1
33.14Z,GS1
33.15Z,GS1
33.16Z,GS1
33.17Z,GS1
33.19Z,GS1
33.20A,GS1
33.20B,GS1
33.20C,GS1
33.20D,GS1
35.11Z,GS1
35.12Z,GS1
35.13Z,GS1
35.14Z,GS1
35.21Z,GS1
35.22Z,GS1
35.23Z,GS1
35.30Z,GS1
36.00Z,GS1
37.00Z,GS1
38.11Z,GS1
38.12Z,GS1
38.21Z,GS1
38.22Z,GS1
38.31Z,GS1
38.32Z,GS1
39.00Z,GS1
41.10A,GS2
41.10B,GS2
41.10C,GS2
41.10D,GS2
41.20A,GS2
41.20B,GS2
42.11Z,GS2
42.12Z,GS2
42.13A,GS2
42.13B,GS2
42.21Z,GS2
42.22Z,GS2
42.91Z,GS2
42.99Z,GS2
43.11Z,GS2
43.12A,GS2
43.12B,GS2
43.13Z,GS2
43.21A,GS2
43.21B,GS2
43.22A,GS2
43.22B,GS2
43.29A,GS2
43.29B,GS2
43.31Z,GS2
43.32A,GS2
43.32B,GS2
43.32C,GS2
43.33Z,GS2
43.34Z,GS2
43.39Z,GS2
43.91A,GS2
43.91B,GS2
43.99A,GS2
43.99B,GS2
43.99C,GS2
43.99D,GS2
43.99E,GS2
45.11Z,GS3
45.19Z,GS3
45.20A,GS3
45.20B,GS3
45.31Z,GS3
45.32Z,GS3
45.40Z,GS3
46.11Z,GS3
46.12A,GS3
46.12B,GS3
46.13Z,GS3
46.14Z,GS3
46.15Z,GS3
46.16Z,GS3
46.17A,GS3
46.17B,GS3
46.18Z,GS3
46.19A,GS3
46.19B,GS3
46.21Z,GS3
46.22Z,GS3
46.23Z,GS3
46.24Z,GS3
46.31Z,GS3
46.32A,GS3
46.32B,GS3
46.32C,GS3
46.33Z,GS3
46.34Z,GS3
46.35Z,GS3
46.36Z,GS3
46.37Z,GS3
46.38A,GS3
46.38B,GS3
46.39A,GS3
46.39B,GS3
46.41Z,GS3
46.42Z,GS3
46.43Z,GS3
46.44Z,GS3
46.45Z,GS3
46.46Z,GS3
46.47Z,GS3
46.48Z,GS3
46.49Z,GS3
46.51Z,GS3
46.52Z,GS3
46.61Z,GS3
46.62Z,GS3
46.63Z,GS3
46.64Z,GS3
46.65Z,GS3
46.66Z,GS3
46.69A,GS3
46.69B,GS3
46.69C,GS3
46.71Z,GS3
46.72Z,GS3
46.73A,GS3
46.73B,GS3
46.74A,GS3
46.74B,GS3
46.75Z,GS3
46.76Z,GS3
46.77Z,GS3
46.90Z,GS3
47.11A,GS3
47.11B,GS3
47.11C,GS3
47.11D,GS3
47.11E,GS3
47.11F,GS3
47.19A,GS3
47.19B,GS3
47.21Z,GS3
47.22Z,GS3
47.23Z,GS3
47.24Z,GS3
47.25Z,GS3
47.26Z,GS3
47.29Z,GS3
47.30Z,GS3
47.41Z,GS3
47.42Z,GS3
47.43Z,GS3
47.51Z,GS3
47.52A,GS3
47.52B,GS3
47.53Z,GS3
47.54Z,GS3
47.59A,GS3
47.59B,GS3
47.61Z,GS3
47.62Z,GS3
47.63Z,GS3
47.64Z,GS3
47.65Z,GS3
47.71Z,GS3
47.72A,GS3
47.72B,GS3
47.73Z,GS3
47.74Z,GS3
47.75Z,GS3
47.76Z,GS3
47.77Z,GS3
47.78A,GS3
47.78B,GS3
47.78C,GS3
47.79Z,GS3
47.81Z,GS3
47.82Z,GS3
47.89Z,GS3
47.91A,GS3
47.91B,GS3
47.99A,GS3
47.99B,GS3
49.10Z,GS5
49.20Z,GS5
49.31Z,GS5
49.32Z,GS5
49.39A,GS5
49.39B,GS5
49.39C,GS5
49.41A,GS5
49.41B,GS5
49.41C,GS5
49.42Z,GS5
49.50Z,GS5
50.10Z,GS5
50.20Z,GS5
50.30Z,GS5
50.40Z,GS5
51.10Z,GS5
51.21Z,GS5
51.22Z,GS5
52.10A,GS5
52.10B,GS5
52.21Z,GS5
52.22Z,GS5
52.23Z,GS5
52.24A,GS5
52.24B,GS5
52.29A,GS5
52.29B,GS5
53.10Z,GS5
53.20Z,GS5
55.10Z,GS4
55.20Z,GS4
55.30Z,GS4
55.90Z,GS4
56.10A,GS4
56.10B,GS4
56.10C,GS4
56.21Z,GS4
56.29A,GS4
56.29B,GS4
56.30Z,GS4
58.11Z,GS5
58.12Z,GS5
58.13Z,GS5
58.14Z,GS5
58.19Z,GS5
58.21Z,GS5
58.29A,GS5
58.29B,GS5
58.29C,GS5
59.11A,GS5
59.11B,GS5
59.11C,GS5
59.12Z,GS5
59.13A,GS5
59.13B,GS5
59.14Z,GS5
59.20Z,GS5
60.10Z,GS5
60.20A,GS5
60.20B,GS5
61.10Z,GS5
61.20Z,GS5
61.30Z,GS5
61.90Z,GS5
62.01Z,GS5
62.02A,GS5
62.02B,GS5
62.03Z,GS5
62.09Z,GS5
63.11Z,GS5
63.12Z,GS5
63.91Z,GS5
63.99Z,GS5
64.11Z,GS5
64.19Z,GS5
64.20Z,GS5
64.30Z,GS5
64.91Z,GS5
64.92Z,GS5
64.99Z,GS5
65.11Z,GS5
65.12Z,GS5
65.20Z,GS5
65.30Z,GS5
66.11Z,GS5
66.12Z,GS5
66.19A,GS5
66.19B,GS5
66.21Z,GS5
66.22Z,GS5
66.29Z,GS5
66.30Z,GS5
68.10Z,GS5
68.20A,GS5
68.20B,GS5
68.31Z,GS5
68.32A,GS5
68.32B,GS5
69.10Z,GS5
69.20Z,GS5
70.10Z,GS5
70.21Z,GS5
70.22Z,GS5
71.11Z,GS5
71.12A,GS5
71.12B,GS5
71.20A,GS5
71.20B,GS5
72.11Z,GS5
72.19Z,GS5
72.20Z,GS5
73.11Z,GS5
73.12Z,GS5
73.20Z,GS5
74.10Z,GS5
74.20Z,GS5
74.30Z,GS5
74.90A,GS5
74.90B,GS5
75.00Z,GS5
77.11A,GS5
77.11B,GS5
77.12Z,GS5
77.21Z,GS5
77.22Z,GS5
77.29Z,GS5
77.31Z,GS5
77.32Z,GS5
77.33Z,GS5
77.34Z,GS5
77.35Z,GS5
77.39Z,GS5
77.40Z,GS5
78.10Z,GS5
78.20Z,GS5
78.30Z,GS5
79.11Z,GS5
79.12Z,GS5
79.90Z,GS5
80.10Z,GS5
80.20Z,GS5
80.30Z,GS5
81.10Z,GS5
81.21Z,GS5
81.22Z,GS5
81.29A,GS5
81.29B,GS5
81.30Z,GS5
82.11Z,GS5
82.19Z,GS5
82.20Z,GS5
82.30Z,GS5
82.91Z,GS5
82.92Z,GS5
82.99Z,GS5
84.11Z,GS7
84.12Z,GS7
84.13Z,GS7
84.21Z,GS7
84.22Z,GS7
84.23Z,GS7
84.24Z,GS7
84.25Z,GS7
84.30A,GS7
84.30B,GS7
84.30C,GS7
85.10Z,GS7
85.20Z,GS7
85.31Z,GS7
85.32Z,GS7
85.41Z,GS7
85.42Z,GS7
85.51Z,GS7
85.52Z,GS7
85.53Z,GS7
85.59A,GS7
85.59B,GS7
85.60Z,GS7
86.10Z,GS7
86.21Z,GS7
86.22A,GS7
86.22B,GS7
86.22C,GS7
86.23Z,GS7
86.90A,GS7
86.90B,GS7
86.90C,GS7
86.90D,GS7
86.90E,GS7
86.90F,GS7
87.10A,GS7
87.10B,GS7
87.10C,GS7
87.20A,GS7
87.20B,GS7
87.30A,GS7
87.30B,GS7
87.90A,GS7
87.90B,GS7
88.10A,GS7
88.10B,GS7
88.10C,GS7
88.91A,GS7
88.91B,GS7
88.99A,GS7
88.99B,GS7
90.01Z,GS5
90.02Z,GS5
90.03A,GS5
90.03B,GS5
90.04Z,GS5
91.01Z,GS5
91.02Z,GS5
91.03Z,GS5
91.04Z,GS5
92.00Z,GS5
93.11Z,GS5
93.12Z,GS5
93.13Z,GS5
93.19Z,GS5
93.21Z,GS5
93.29Z,GS5
94.11Z,GS5
94.12Z,GS5
94.20Z,GS5
94.91Z,GS5
94.92Z,GS5
94.99Z,GS5
95.11Z,GS5
95.12Z,GS5
95.21Z,GS5
95.22Z,GS5
95.23Z,GS5
95.24Z,GS5
95.25Z,GS5
95.29Z,GS5
96.01A,GS5
96.01B,GS5
96.02A,GS5
96.02B,GS5
96.03Z,GS5
96.04Z,GS5
96.09Z,GS5
97.00Z,#N/A
98.10Z,#N/A
98.20Z,#N/A
99.00Z,#N/A
