Libellé,Classement des communes en zone de revitalisation rurale - ZRR 2018,Classement des communes en loi littoral,Classement des communes en zone de revitalisation des commerces en milieu rural - ZoRCoMiR,Communes des parcs naturels régionaux (PNR),"Communes éligibles au zonage d'aide à finalité régionale (AFR), période 2014-2021",Villes bénéficiaires du programme Action Coeur de Ville (ACV)
Agneaux,NC - Non classée,NC - Non classée,NC - Non classée en ZoRCoMiR,N/A - hors champ,NC - Non éligible,N/A - hors champ
Agon-Coutainville,NC - Non classée,C - Commune classée,NC - Non classée en ZoRCoMiR,N/A - hors champ,NC - Non éligible,N/A - hors champ
Airel,NC - Non classée,NC - Non classée,NC - Non classée en ZoRCoMiR,FR8000021 - PNR des Marais du Cotentin et du Bessin,NC - Non éligible,N/A - hors champ
Amigny,NC - Non classée,NC - Non classée,NC - Non classée en ZoRCoMiR,FR8000021 - PNR des Marais du Cotentin et du Bessin,NC - Non éligible,N/A - hors champ
Anctoville-sur-Boscq,NC - Non classée,NC - Non classée,NC - Non classée en ZoRCoMiR,N/A - hors champ,NC - Non éligible,N/A - hors champ
Anneville-en-Saire,NC - Non classée,NC - Non classée,C - Classée en ZoRCoMiR,N/A - hors champ,NC - Non éligible,N/A - hors champ
Annoville,NC - Non classée,C - Commune classée,C - Classée en ZoRCoMiR,N/A - hors champ,NC - Non éligible,N/A - hors champ
Appeville,C - Classée en ZRR,NC - Non classée,C - Classée en ZoRCoMiR,FR8000021 - PNR des Marais du Cotentin et du Bessin,T - Intégralement,N/A - hors champ
Aucey-la-Plaine,C - Classée en ZRR,NC - Non classée,C - Classée en ZoRCoMiR,N/A - hors champ,NC - Non éligible,N/A - hors champ
Audouville-la-Hubert,C - Classée en ZRR,C - Commune classée,C - Classée en ZoRCoMiR,FR8000021 - PNR des Marais du Cotentin et du Bessin,NC - Non éligible,N/A - hors champ
Aumeville-Lestre,NC - Non classée,C - Commune classée,C - Classée en ZoRCoMiR,FR8000021 - PNR des Marais du Cotentin et du Bessin,NC - Non éligible,N/A - hors champ
Auvers,C - Classée en ZRR,NC - Non classée,C - Classée en ZoRCoMiR,FR8000021 - PNR des Marais du Cotentin et du Bessin,T - Intégralement,N/A - hors champ
Auxais,C - Classée en ZRR,NC - Non classée,C - Classée en ZoRCoMiR,FR8000021 - PNR des Marais du Cotentin et du Bessin,T - Intégralement,N/A - hors champ
Avranches,C - Classée en ZRR,C - Commune classée,NC - Non classée en ZoRCoMiR,N/A - hors champ,NC - Non éligible,N/A - hors champ
Azeville,NC - Non classée,NC - Non classée,C - Classée en ZoRCoMiR,N/A - hors champ,NC - Non éligible,N/A - hors champ
Bacilly,C - Classée en ZRR,NC - Non classée,C - Classée en ZoRCoMiR,N/A - hors champ,NC - Non éligible,N/A - hors champ
Barenton,C - Classée en ZRR,NC - Non classée,NC - Non classée en ZoRCoMiR,FR8000026 - PNR Normandie-Maine,T - Intégralement,N/A - hors champ
Barfleur,NC - Non classée,C - Commune classée,NC - Non classée en ZoRCoMiR,N/A - hors champ,NC - Non éligible,N/A - hors champ
Barneville-Carteret,NC - Non classée,C - Commune classée,NC - Non classée en ZoRCoMiR,N/A - hors champ,NC - Non éligible,N/A - hors champ
Baubigny,NC - Non classée,C - Commune classée,C - Classée en ZoRCoMiR,N/A - hors champ,NC - Non éligible,N/A - hors champ
Baudre,NC - Non classée,NC - Non classée,NC - Non classée en ZoRCoMiR,N/A - hors champ,T - Intégralement,N/A - hors champ
Baupte,C - Classée en ZRR,NC - Non classée,C - Classée en ZoRCoMiR,FR8000021 - PNR des Marais du Cotentin et du Bessin,NC - Non éligible,N/A - hors champ
Beauchamps,NC - Non classée,NC - Non classée,C - Classée en ZoRCoMiR,N/A - hors champ,NC - Non éligible,N/A - hors champ
Beaucoudray,NC - Non classée,NC - Non classée,C - Classée en ZoRCoMiR,N/A - hors champ,NC - Non éligible,N/A - hors champ
Beauficel,C - Classée en ZRR,NC - Non classée,C - Classée en ZoRCoMiR,N/A - hors champ,NC - Non éligible,N/A - hors champ
Beauvoir,C - Classée en ZRR,C - Commune classée,NC - Non classée en ZoRCoMiR,N/A - hors champ,NC - Non éligible,N/A - hors champ
Belval,NC - Non classée,NC - Non classée,C - Classée en ZoRCoMiR,N/A - hors champ,NC - Non éligible,N/A - hors champ
Benoîtville,NC - Non classée,NC - Non classée,C - Classée en ZoRCoMiR,N/A - hors champ,NC - Non éligible,N/A - hors champ
Bérigny,NC - Non classée,NC - Non classée,NC - Non classée en ZoRCoMiR,N/A - hors champ,NC - Non éligible,N/A - hors champ
Beslon,C - Classée en ZRR,NC - Non classée,C - Classée en ZoRCoMiR,N/A - hors champ,NC - Non éligible,N/A - hors champ
Besneville,NC - Non classée,NC - Non classée,C - Classée en ZoRCoMiR,N/A - hors champ,NC - Non éligible,N/A - hors champ
Beuvrigny,NC - Non classée,NC - Non classée,C - Classée en ZoRCoMiR,N/A - hors champ,NC - Non éligible,N/A - hors champ
Beuzeville-la-Bastille,C - Classée en ZRR,NC - Non classée,C - Classée en ZoRCoMiR,FR8000021 - PNR des Marais du Cotentin et du Bessin,T - Intégralement,N/A - hors champ
Biéville,NC - Non classée,NC - Non classée,C - Classée en ZoRCoMiR,N/A - hors champ,NC - Non éligible,N/A - hors champ
Biniville,NC - Non classée,NC - Non classée,C - Classée en ZoRCoMiR,N/A - hors champ,NC - Non éligible,N/A - hors champ
Blainville-sur-Mer,NC - Non classée,C - Commune classée,NC - Non classée en ZoRCoMiR,N/A - hors champ,NC - Non éligible,N/A - hors champ
Blosville,C - Classée en ZRR,NC - Non classée,C - Classée en ZoRCoMiR,FR8000021 - PNR des Marais du Cotentin et du Bessin,NC - Non éligible,N/A - hors champ
Boisyvon,C - Classée en ZRR,NC - Non classée,C - Classée en ZoRCoMiR,N/A - hors champ,NC - Non éligible,N/A - hors champ
Bourguenolles,C - Classée en ZRR,NC - Non classée,C - Classée en ZoRCoMiR,N/A - hors champ,NC - Non éligible,N/A - hors champ
Bourgvallées,NC - Non classée,NC - Non classée,NC - Non classée en ZoRCoMiR,N/A - hors champ,NC - Non éligible,N/A - hors champ
Boutteville,C - Classée en ZRR,NC - Non classée,C - Classée en ZoRCoMiR,FR8000021 - PNR des Marais du Cotentin et du Bessin,NC - Non éligible,N/A - hors champ
Brainville,NC - Non classée,NC - Non classée,C - Classée en ZoRCoMiR,N/A - hors champ,NC - Non éligible,N/A - hors champ
Brécey,C - Classée en ZRR,NC - Non classée,NC - Non classée en ZoRCoMiR,N/A - hors champ,T - Intégralement,N/A - hors champ
Bréhal,NC - Non classée,C - Commune classée,NC - Non classée en ZoRCoMiR,N/A - hors champ,NC - Non éligible,N/A - hors champ
Bretteville,NC - Non classée,C - Commune classée,NC - Non classée en ZoRCoMiR,N/A - hors champ,NC - Non éligible,N/A - hors champ
Bretteville-sur-Ay,C - Classée en ZRR,C - Commune classée,C - Classée en ZoRCoMiR,N/A - hors champ,NC - Non éligible,N/A - hors champ
Breuville,NC - Non classée,NC - Non classée,NC - Non classée en ZoRCoMiR,N/A - hors champ,NC - Non éligible,N/A - hors champ
Bréville-sur-Mer,NC - Non classée,C - Commune classée,NC - Non classée en ZoRCoMiR,N/A - hors champ,NC - Non éligible,N/A - hors champ
Bricquebec-en-Cotentin,NC - Non classée,NC - Non classée,NC - Non classée en ZoRCoMiR,N/A - hors champ,NC - Non éligible,N/A - hors champ
Bricquebosq,NC - Non classée,NC - Non classée,NC - Non classée en ZoRCoMiR,N/A - hors champ,NC - Non éligible,N/A - hors champ
Bricqueville-la-Blouette,NC - Non classée,NC - Non classée,C - Classée en ZoRCoMiR,N/A - hors champ,NC - Non éligible,N/A - hors champ
Bricqueville-sur-Mer,NC - Non classée,C - Commune classée,NC - Non classée en ZoRCoMiR,N/A - hors champ,NC - Non éligible,N/A - hors champ
Brillevast,NC - Non classée,NC - Non classée,NC - Non classée en ZoRCoMiR,N/A - hors champ,NC - Non éligible,N/A - hors champ
Brix,NC - Non classée,NC - Non classée,NC - Non classée en ZoRCoMiR,N/A - hors champ,T - Intégralement,N/A - hors champ
Brouains,C - Classée en ZRR,NC - Non classée,C - Classée en ZoRCoMiR,N/A - hors champ,NC - Non éligible,N/A - hors champ
Buais-Les-Monts,C - Classée en ZRR,NC - Non classée,C - Classée en ZoRCoMiR,N/A - hors champ,NC - Non éligible,N/A - hors champ
Cambernon,NC - Non classée,NC - Non classée,C - Classée en ZoRCoMiR,N/A - hors champ,NC - Non éligible,N/A - hors champ
Cametours,NC - Non classée,NC - Non classée,C - Classée en ZoRCoMiR,N/A - hors champ,NC - Non éligible,N/A - hors champ
Camprond,NC - Non classée,NC - Non classée,NC - Non classée en ZoRCoMiR,N/A - hors champ,NC - Non éligible,N/A - hors champ
Canisy,NC - Non classée,NC - Non classée,NC - Non classée en ZoRCoMiR,N/A - hors champ,NC - Non éligible,N/A - hors champ
Canteloup,NC - Non classée,NC - Non classée,NC - Non classée en ZoRCoMiR,N/A - hors champ,NC - Non éligible,N/A - hors champ
Canville-la-Rocque,NC - Non classée,NC - Non classée,C - Classée en ZoRCoMiR,FR8000021 - PNR des Marais du Cotentin et du Bessin,NC - Non éligible,N/A - hors champ
Carantilly,NC - Non classée,NC - Non classée,NC - Non classée en ZoRCoMiR,N/A - hors champ,NC - Non éligible,N/A - hors champ
Carentan-les-Marais,C - Classée en ZRR,C - Commune classée,NC - Non classée en ZoRCoMiR,FR8000021 - PNR des Marais du Cotentin et du Bessin,P - Partiellement,N/A - hors champ
Carneville,NC - Non classée,NC - Non classée,NC - Non classée en ZoRCoMiR,N/A - hors champ,NC - Non éligible,N/A - hors champ
Carolles,NC - Non classée,C - Commune classée,NC - Non classée en ZoRCoMiR,N/A - hors champ,NC - Non éligible,N/A - hors champ
Catteville,NC - Non classée,NC - Non classée,C - Classée en ZoRCoMiR,FR8000021 - PNR des Marais du Cotentin et du Bessin,NC - Non éligible,N/A - hors champ
Cavigny,NC - Non classée,NC - Non classée,NC - Non classée en ZoRCoMiR,FR8000021 - PNR des Marais du Cotentin et du Bessin,NC - Non éligible,N/A - hors champ
Céaux,C - Classée en ZRR,C - Commune classée,C - Classée en ZoRCoMiR,N/A - hors champ,NC - Non éligible,N/A - hors champ
Cérences,NC - Non classée,NC - Non classée,NC - Non classée en ZoRCoMiR,N/A - hors champ,NC - Non éligible,N/A - hors champ
Cerisy-la-Forêt,NC - Non classée,NC - Non classée,NC - Non classée en ZoRCoMiR,N/A - hors champ,NC - Non éligible,N/A - hors champ
Cerisy-la-Salle,NC - Non classée,NC - Non classée,NC - Non classée en ZoRCoMiR,N/A - hors champ,NC - Non éligible,N/A - hors champ
Champeaux,NC - Non classée,C - Commune classée,C - Classée en ZoRCoMiR,N/A - hors champ,NC - Non éligible,N/A - hors champ
Champrepus,C - Classée en ZRR,NC - Non classée,NC - Non classée en ZoRCoMiR,N/A - hors champ,NC - Non éligible,N/A - hors champ
Chanteloup,NC - Non classée,NC - Non classée,C - Classée en ZoRCoMiR,N/A - hors champ,NC - Non éligible,N/A - hors champ
Chaulieu,C - Classée en ZRR,NC - Non classée,C - Classée en ZoRCoMiR,N/A - hors champ,T - Intégralement,N/A - hors champ
Chavoy,C - Classée en ZRR,NC - Non classée,NC - Non classée en ZoRCoMiR,N/A - hors champ,NC - Non éligible,N/A - hors champ
Cherbourg-en-Cotentin,NC - Non classée,C - Commune classée,NC - Non classée en ZoRCoMiR,N/A - hors champ,P - Partiellement,acv060 - Cherbourg-en-Cotentin
Chérencé-le-Héron,C - Classée en ZRR,NC - Non classée,C - Classée en ZoRCoMiR,N/A - hors champ,T - Intégralement,N/A - hors champ
Clitourps,NC - Non classée,NC - Non classée,NC - Non classée en ZoRCoMiR,N/A - hors champ,NC - Non éligible,N/A - hors champ
Colomby,NC - Non classée,NC - Non classée,C - Classée en ZoRCoMiR,N/A - hors champ,NC - Non éligible,N/A - hors champ
Condé-sur-Vire,NC - Non classée,NC - Non classée,NC - Non classée en ZoRCoMiR,N/A - hors champ,P - Partiellement,N/A - hors champ
Coudeville-sur-Mer,NC - Non classée,C - Commune classée,NC - Non classée en ZoRCoMiR,N/A - hors champ,NC - Non éligible,N/A - hors champ
Coulouvray-Boisbenâtre,C - Classée en ZRR,NC - Non classée,C - Classée en ZoRCoMiR,N/A - hors champ,NC - Non éligible,N/A - hors champ
Courcy,NC - Non classée,NC - Non classée,C - Classée en ZoRCoMiR,N/A - hors champ,NC - Non éligible,N/A - hors champ
Courtils,C - Classée en ZRR,C - Commune classée,NC - Non classée en ZoRCoMiR,N/A - hors champ,NC - Non éligible,N/A - hors champ
Coutances,NC - Non classée,NC - Non classée,NC - Non classée en ZoRCoMiR,N/A - hors champ,NC - Non éligible,N/A - hors champ
Couvains,NC - Non classée,NC - Non classée,NC - Non classée en ZoRCoMiR,N/A - hors champ,NC - Non éligible,N/A - hors champ
Couville,NC - Non classée,NC - Non classée,NC - Non classée en ZoRCoMiR,N/A - hors champ,NC - Non éligible,N/A - hors champ
Crasville,NC - Non classée,C - Commune classée,C - Classée en ZoRCoMiR,FR8000021 - PNR des Marais du Cotentin et du Bessin,NC - Non éligible,N/A - hors champ
Créances,C - Classée en ZRR,C - Commune classée,NC - Non classée en ZoRCoMiR,FR8000021 - PNR des Marais du Cotentin et du Bessin,NC - Non éligible,N/A - hors champ
Crollon,C - Classée en ZRR,NC - Non classée,C - Classée en ZoRCoMiR,N/A - hors champ,NC - Non éligible,N/A - hors champ
Crosville-sur-Douve,NC - Non classée,NC - Non classée,C - Classée en ZoRCoMiR,FR8000021 - PNR des Marais du Cotentin et du Bessin,NC - Non éligible,N/A - hors champ
Cuves,C - Classée en ZRR,NC - Non classée,C - Classée en ZoRCoMiR,N/A - hors champ,NC - Non éligible,N/A - hors champ
Dangy,NC - Non classée,NC - Non classée,NC - Non classée en ZoRCoMiR,N/A - hors champ,NC - Non éligible,N/A - hors champ
Digosville,NC - Non classée,C - Commune classée,NC - Non classée en ZoRCoMiR,N/A - hors champ,NC - Non éligible,N/A - hors champ
Domjean,NC - Non classée,NC - Non classée,C - Classée en ZoRCoMiR,N/A - hors champ,T - Intégralement,N/A - hors champ
Donville-les-Bains,NC - Non classée,C - Commune classée,NC - Non classée en ZoRCoMiR,N/A - hors champ,NC - Non éligible,N/A - hors champ
Doville,C - Classée en ZRR,NC - Non classée,C - Classée en ZoRCoMiR,FR8000021 - PNR des Marais du Cotentin et du Bessin,NC - Non éligible,N/A - hors champ
Dragey-Ronthon,C - Classée en ZRR,C - Commune classée,NC - Non classée en ZoRCoMiR,N/A - hors champ,NC - Non éligible,N/A - hors champ
Ducey-Les Chéris,C - Classée en ZRR,NC - Non classée,NC - Non classée en ZoRCoMiR,N/A - hors champ,P - Partiellement,N/A - hors champ
Écausseville,NC - Non classée,NC - Non classée,C - Classée en ZoRCoMiR,FR8000021 - PNR des Marais du Cotentin et du Bessin,NC - Non éligible,N/A - hors champ
Émondeville,NC - Non classée,NC - Non classée,C - Classée en ZoRCoMiR,N/A - hors champ,NC - Non éligible,N/A - hors champ
Équilly,NC - Non classée,NC - Non classée,C - Classée en ZoRCoMiR,N/A - hors champ,NC - Non éligible,N/A - hors champ
Éroudeville,NC - Non classée,NC - Non classée,C - Classée en ZoRCoMiR,N/A - hors champ,NC - Non éligible,N/A - hors champ
Étienville,C - Classée en ZRR,NC - Non classée,C - Classée en ZoRCoMiR,FR8000021 - PNR des Marais du Cotentin et du Bessin,NC - Non éligible,N/A - hors champ
Fermanville,NC - Non classée,C - Commune classée,NC - Non classée en ZoRCoMiR,N/A - hors champ,NC - Non éligible,N/A - hors champ
Feugères,C - Classée en ZRR,NC - Non classée,C - Classée en ZoRCoMiR,FR8000021 - PNR des Marais du Cotentin et du Bessin,NC - Non éligible,N/A - hors champ
Fierville-les-Mines,NC - Non classée,NC - Non classée,C - Classée en ZoRCoMiR,N/A - hors champ,NC - Non éligible,N/A - hors champ
Flamanville,NC - Non classée,C - Commune classée,NC - Non classée en ZoRCoMiR,N/A - hors champ,NC - Non éligible,N/A - hors champ
Fleury,C - Classée en ZRR,NC - Non classée,NC - Non classée en ZoRCoMiR,N/A - hors champ,NC - Non éligible,N/A - hors champ
Flottemanville,NC - Non classée,NC - Non classée,C - Classée en ZoRCoMiR,N/A - hors champ,T - Intégralement,N/A - hors champ
Folligny,NC - Non classée,NC - Non classée,NC - Non classée en ZoRCoMiR,N/A - hors champ,NC - Non éligible,N/A - hors champ
Fontenay-sur-Mer,NC - Non classée,C - Commune classée,C - Classée en ZoRCoMiR,FR8000021 - PNR des Marais du Cotentin et du Bessin,NC - Non éligible,N/A - hors champ
Fourneaux,NC - Non classée,NC - Non classée,C - Classée en ZoRCoMiR,N/A - hors champ,NC - Non éligible,N/A - hors champ
Fresville,NC - Non classée,NC - Non classée,C - Classée en ZoRCoMiR,FR8000021 - PNR des Marais du Cotentin et du Bessin,NC - Non éligible,N/A - hors champ
Gathemo,C - Classée en ZRR,NC - Non classée,C - Classée en ZoRCoMiR,N/A - hors champ,NC - Non éligible,N/A - hors champ
Gatteville-le-Phare,NC - Non classée,C - Commune classée,C - Classée en ZoRCoMiR,N/A - hors champ,NC - Non éligible,N/A - hors champ
Gavray-sur-Sienne,NC - Non classée,NC - Non classée,NC - Non classée en ZoRCoMiR,N/A - hors champ,NC - Non éligible,N/A - hors champ
Geffosses,C - Classée en ZRR,C - Commune classée,C - Classée en ZoRCoMiR,N/A - hors champ,NC - Non éligible,N/A - hors champ
Genêts,C - Classée en ZRR,C - Commune classée,NC - Non classée en ZoRCoMiR,N/A - hors champ,NC - Non éligible,N/A - hors champ
Ger,C - Classée en ZRR,NC - Non classée,NC - Non classée en ZoRCoMiR,FR8000026 - PNR Normandie-Maine,NC - Non éligible,N/A - hors champ
Golleville,NC - Non classée,NC - Non classée,C - Classée en ZoRCoMiR,FR8000021 - PNR des Marais du Cotentin et du Bessin,NC - Non éligible,N/A - hors champ
Gonfreville,C - Classée en ZRR,NC - Non classée,C - Classée en ZoRCoMiR,FR8000021 - PNR des Marais du Cotentin et du Bessin,NC - Non éligible,N/A - hors champ
Gonneville-Le Theil,NC - Non classée,NC - Non classée,NC - Non classée en ZoRCoMiR,N/A - hors champ,NC - Non éligible,N/A - hors champ
Gorges,C - Classée en ZRR,NC - Non classée,C - Classée en ZoRCoMiR,FR8000021 - PNR des Marais du Cotentin et du Bessin,NC - Non éligible,N/A - hors champ
Gouvets,NC - Non classée,NC - Non classée,C - Classée en ZoRCoMiR,N/A - hors champ,NC - Non éligible,N/A - hors champ
Gouville-sur-Mer,P - Partiellement classée en ZRR,C - Commune classée,NC - Non classée en ZoRCoMiR,N/A - hors champ,NC - Non éligible,N/A - hors champ
Graignes-Mesnil-Angot,NC - Non classée,NC - Non classée,C - Classée en ZoRCoMiR,FR8000021 - PNR des Marais du Cotentin et du Bessin,NC - Non éligible,N/A - hors champ
Grandparigny,C - Classée en ZRR,NC - Non classée,NC - Non classée en ZoRCoMiR,N/A - hors champ,NC - Non éligible,N/A - hors champ
Granville,NC - Non classée,C - Commune classée,NC - Non classée en ZoRCoMiR,N/A - hors champ,NC - Non éligible,N/A - hors champ
Gratot,NC - Non classée,NC - Non classée,C - Classée en ZoRCoMiR,N/A - hors champ,NC - Non éligible,N/A - hors champ
Grimesnil,NC - Non classée,NC - Non classée,C - Classée en ZoRCoMiR,N/A - hors champ,NC - Non éligible,N/A - hors champ
Grosville,NC - Non classée,NC - Non classée,C - Classée en ZoRCoMiR,N/A - hors champ,NC - Non éligible,N/A - hors champ
Hambye,NC - Non classée,NC - Non classée,NC - Non classée en ZoRCoMiR,N/A - hors champ,NC - Non éligible,N/A - hors champ
Hamelin,C - Classée en ZRR,NC - Non classée,C - Classée en ZoRCoMiR,N/A - hors champ,NC - Non éligible,N/A - hors champ
Hardinvast,NC - Non classée,NC - Non classée,NC - Non classée en ZoRCoMiR,N/A - hors champ,NC - Non éligible,N/A - hors champ
Hauteville-la-Guichard,NC - Non classée,NC - Non classée,C - Classée en ZoRCoMiR,N/A - hors champ,NC - Non éligible,N/A - hors champ
Hauteville-sur-Mer,NC - Non classée,C - Commune classée,NC - Non classée en ZoRCoMiR,N/A - hors champ,NC - Non éligible,N/A - hors champ
Hautteville-Bocage,NC - Non classée,NC - Non classée,C - Classée en ZoRCoMiR,N/A - hors champ,NC - Non éligible,N/A - hors champ
Héauville,NC - Non classée,C - Commune classée,C - Classée en ZoRCoMiR,N/A - hors champ,NC - Non éligible,N/A - hors champ
Helleville,NC - Non classée,NC - Non classée,NC - Non classée en ZoRCoMiR,N/A - hors champ,NC - Non éligible,N/A - hors champ
Hémevez,NC - Non classée,NC - Non classée,C - Classée en ZoRCoMiR,FR8000021 - PNR des Marais du Cotentin et du Bessin,T - Intégralement,N/A - hors champ
Heugueville-sur-Sienne,NC - Non classée,C - Commune classée,C - Classée en ZoRCoMiR,N/A - hors champ,NC - Non éligible,N/A - hors champ
Hiesville,C - Classée en ZRR,NC - Non classée,C - Classée en ZoRCoMiR,FR8000021 - PNR des Marais du Cotentin et du Bessin,NC - Non éligible,N/A - hors champ
Hocquigny,NC - Non classée,NC - Non classée,C - Classée en ZoRCoMiR,N/A - hors champ,NC - Non éligible,N/A - hors champ
Huberville,NC - Non classée,NC - Non classée,C - Classée en ZoRCoMiR,N/A - hors champ,NC - Non éligible,N/A - hors champ
Hudimesnil,NC - Non classée,NC - Non classée,NC - Non classée en ZoRCoMiR,N/A - hors champ,NC - Non éligible,N/A - hors champ
Huisnes-sur-Mer,C - Classée en ZRR,C - Commune classée,C - Classée en ZoRCoMiR,N/A - hors champ,NC - Non éligible,N/A - hors champ
Isigny-le-Buat,C - Classée en ZRR,NC - Non classée,NC - Non classée en ZoRCoMiR,N/A - hors champ,T - Intégralement,N/A - hors champ
Joganville,NC - Non classée,NC - Non classée,C - Classée en ZoRCoMiR,N/A - hors champ,NC - Non éligible,N/A - hors champ
Juilley,C - Classée en ZRR,NC - Non classée,NC - Non classée en ZoRCoMiR,N/A - hors champ,T - Intégralement,N/A - hors champ
Jullouville,NC - Non classée,C - Commune classée,NC - Non classée en ZoRCoMiR,N/A - hors champ,NC - Non éligible,N/A - hors champ
Juvigny les Vallées,C - Classée en ZRR,NC - Non classée,NC - Non classée en ZoRCoMiR,N/A - hors champ,P - Partiellement,N/A - hors champ
La Baleine,NC - Non classée,NC - Non classée,C - Classée en ZoRCoMiR,N/A - hors champ,NC - Non éligible,N/A - hors champ
La Barre-de-Semilly,NC - Non classée,NC - Non classée,NC - Non classée en ZoRCoMiR,N/A - hors champ,T - Intégralement,N/A - hors champ
La Bloutière,C - Classée en ZRR,NC - Non classée,C - Classée en ZoRCoMiR,N/A - hors champ,NC - Non éligible,N/A - hors champ
La Bonneville,NC - Non classée,NC - Non classée,C - Classée en ZoRCoMiR,FR8000021 - PNR des Marais du Cotentin et du Bessin,NC - Non éligible,N/A - hors champ
La Chaise-Baudouin,C - Classée en ZRR,NC - Non classée,C - Classée en ZoRCoMiR,N/A - hors champ,T - Intégralement,N/A - hors champ
La Chapelle-Cécelin,C - Classée en ZRR,NC - Non classée,C - Classée en ZoRCoMiR,N/A - hors champ,NC - Non éligible,N/A - hors champ
La Chapelle-Urée,C - Classée en ZRR,NC - Non classée,C - Classée en ZoRCoMiR,N/A - hors champ,NC - Non éligible,N/A - hors champ
La Colombe,C - Classée en ZRR,NC - Non classée,NC - Non classée en ZoRCoMiR,N/A - hors champ,T - Intégralement,N/A - hors champ
La Feuillie,C - Classée en ZRR,NC - Non classée,C - Classée en ZoRCoMiR,FR8000021 - PNR des Marais du Cotentin et du Bessin,NC - Non éligible,N/A - hors champ
La Godefroy,C - Classée en ZRR,NC - Non classée,NC - Non classée en ZoRCoMiR,N/A - hors champ,NC - Non éligible,N/A - hors champ
La Hague,NC - Non classée,C - Commune classée,NC - Non classée en ZoRCoMiR,N/A - hors champ,NC - Non éligible,N/A - hors champ
La Haye,C - Classée en ZRR,C - Commune classée,NC - Non classée en ZoRCoMiR,FR8000021 - PNR des Marais du Cotentin et du Bessin,NC - Non éligible,N/A - hors champ
La Haye-Bellefond,C - Classée en ZRR,NC - Non classée,C - Classée en ZoRCoMiR,N/A - hors champ,NC - Non éligible,N/A - hors champ
La Haye-d'Ectot,NC - Non classée,NC - Non classée,C - Classée en ZoRCoMiR,N/A - hors champ,NC - Non éligible,N/A - hors champ
La Haye-Pesnel,NC - Non classée,NC - Non classée,NC - Non classée en ZoRCoMiR,N/A - hors champ,NC - Non éligible,N/A - hors champ
La Lande-d'Airou,C - Classée en ZRR,NC - Non classée,C - Classée en ZoRCoMiR,N/A - hors champ,NC - Non éligible,N/A - hors champ
La Lucerne-d'Outremer,NC - Non classée,NC - Non classée,NC - Non classée en ZoRCoMiR,N/A - hors champ,NC - Non éligible,N/A - hors champ
La Luzerne,NC - Non classée,NC - Non classée,NC - Non classée en ZoRCoMiR,N/A - hors champ,NC - Non éligible,N/A - hors champ
La Meauffe,NC - Non classée,NC - Non classée,NC - Non classée en ZoRCoMiR,FR8000021 - PNR des Marais du Cotentin et du Bessin,NC - Non éligible,N/A - hors champ
La Meurdraquière,NC - Non classée,NC - Non classée,C - Classée en ZoRCoMiR,N/A - hors champ,NC - Non éligible,N/A - hors champ
La Mouche,NC - Non classée,NC - Non classée,C - Classée en ZoRCoMiR,N/A - hors champ,NC - Non éligible,N/A - hors champ
La Pernelle,NC - Non classée,NC - Non classée,C - Classée en ZoRCoMiR,N/A - hors champ,NC - Non éligible,N/A - hors champ
La Trinité,C - Classée en ZRR,NC - Non classée,C - Classée en ZoRCoMiR,N/A - hors champ,NC - Non éligible,N/A - hors champ
La Vendelée,NC - Non classée,NC - Non classée,C - Classée en ZoRCoMiR,N/A - hors champ,NC - Non éligible,N/A - hors champ
Lamberville,NC - Non classée,NC - Non classée,C - Classée en ZoRCoMiR,N/A - hors champ,NC - Non éligible,N/A - hors champ
Lapenty,C - Classée en ZRR,NC - Non classée,C - Classée en ZoRCoMiR,N/A - hors champ,T - Intégralement,N/A - hors champ
Laulne,C - Classée en ZRR,NC - Non classée,C - Classée en ZoRCoMiR,FR8000021 - PNR des Marais du Cotentin et du Bessin,NC - Non éligible,N/A - hors champ
Le Dézert,NC - Non classée,NC - Non classée,C - Classée en ZoRCoMiR,FR8000021 - PNR des Marais du Cotentin et du Bessin,T - Intégralement,N/A - hors champ
Le Fresne-Poret,C - Classée en ZRR,NC - Non classée,C - Classée en ZoRCoMiR,N/A - hors champ,NC - Non éligible,N/A - hors champ
Le Grand-Celland,C - Classée en ZRR,NC - Non classée,C - Classée en ZoRCoMiR,N/A - hors champ,T - Intégralement,N/A - hors champ
Le Grippon,C - Classée en ZRR,NC - Non classée,C - Classée en ZoRCoMiR,N/A - hors champ,NC - Non éligible,N/A - hors champ
Le Guislain,C - Classée en ZRR,NC - Non classée,C - Classée en ZoRCoMiR,N/A - hors champ,NC - Non éligible,N/A - hors champ
Le Ham,NC - Non classée,NC - Non classée,C - Classée en ZoRCoMiR,FR8000021 - PNR des Marais du Cotentin et du Bessin,T - Intégralement,N/A - hors champ
Le Loreur,NC - Non classée,NC - Non classée,C - Classée en ZoRCoMiR,N/A - hors champ,NC - Non éligible,N/A - hors champ
Le Lorey,NC - Non classée,NC - Non classée,C - Classée en ZoRCoMiR,N/A - hors champ,NC - Non éligible,N/A - hors champ
Le Luot,C - Classée en ZRR,NC - Non classée,C - Classée en ZoRCoMiR,N/A - hors champ,NC - Non éligible,N/A - hors champ
Le Mesnil,NC - Non classée,NC - Non classée,C - Classée en ZoRCoMiR,N/A - hors champ,NC - Non éligible,N/A - hors champ
Le Mesnil-Adelée,C - Classée en ZRR,NC - Non classée,C - Classée en ZoRCoMiR,N/A - hors champ,NC - Non éligible,N/A - hors champ
Le Mesnil-Amey,NC - Non classée,NC - Non classée,NC - Non classée en ZoRCoMiR,N/A - hors champ,NC - Non éligible,N/A - hors champ
Le Mesnil-Aubert,NC - Non classée,NC - Non classée,C - Classée en ZoRCoMiR,N/A - hors champ,NC - Non éligible,N/A - hors champ
Le Mesnil-au-Val,NC - Non classée,NC - Non classée,NC - Non classée en ZoRCoMiR,N/A - hors champ,NC - Non éligible,N/A - hors champ
Le Mesnil-Eury,NC - Non classée,NC - Non classée,NC - Non classée en ZoRCoMiR,FR8000021 - PNR des Marais du Cotentin et du Bessin,NC - Non éligible,N/A - hors champ
Le Mesnil-Garnier,NC - Non classée,NC - Non classée,C - Classée en ZoRCoMiR,N/A - hors champ,NC - Non éligible,N/A - hors champ
Le Mesnil-Gilbert,C - Classée en ZRR,NC - Non classée,C - Classée en ZoRCoMiR,N/A - hors champ,NC - Non éligible,N/A - hors champ
Le Mesnillard,C - Classée en ZRR,NC - Non classée,C - Classée en ZoRCoMiR,N/A - hors champ,T - Intégralement,N/A - hors champ
Le Mesnil-Ozenne,C - Classée en ZRR,NC - Non classée,NC - Non classée en ZoRCoMiR,N/A - hors champ,NC - Non éligible,N/A - hors champ
Le Mesnil-Rouxelin,NC - Non classée,NC - Non classée,NC - Non classée en ZoRCoMiR,N/A - hors champ,NC - Non éligible,N/A - hors champ
Le Mesnil-Véneron,NC - Non classée,NC - Non classée,C - Classée en ZoRCoMiR,FR8000021 - PNR des Marais du Cotentin et du Bessin,NC - Non éligible,N/A - hors champ
Le Mesnil-Villeman,NC - Non classée,NC - Non classée,C - Classée en ZoRCoMiR,N/A - hors champ,NC - Non éligible,N/A - hors champ
Le Mont-Saint-Michel,C - Classée en ZRR,C - Commune classée,NC - Non classée en ZoRCoMiR,N/A - hors champ,NC - Non éligible,N/A - hors champ
Le Neufbourg,C - Classée en ZRR,NC - Non classée,C - Classée en ZoRCoMiR,N/A - hors champ,T - Intégralement,N/A - hors champ
Le Parc,C - Classée en ZRR,NC - Non classée,NC - Non classée en ZoRCoMiR,N/A - hors champ,NC - Non éligible,N/A - hors champ
Le Perron,NC - Non classée,NC - Non classée,C - Classée en ZoRCoMiR,N/A - hors champ,NC - Non éligible,N/A - hors champ
Le Petit-Celland,C - Classée en ZRR,NC - Non classée,C - Classée en ZoRCoMiR,N/A - hors champ,T - Intégralement,N/A - hors champ
Le Plessis-Lastelle,C - Classée en ZRR,NC - Non classée,C - Classée en ZoRCoMiR,FR8000021 - PNR des Marais du Cotentin et du Bessin,NC - Non éligible,N/A - hors champ
Le Rozel,NC - Non classée,C - Commune classée,C - Classée en ZoRCoMiR,N/A - hors champ,NC - Non éligible,N/A - hors champ
Le Tanu,C - Classée en ZRR,NC - Non classée,C - Classée en ZoRCoMiR,N/A - hors champ,NC - Non éligible,N/A - hors champ
Le Teilleul,C - Classée en ZRR,NC - Non classée,NC - Non classée en ZoRCoMiR,N/A - hors champ,P - Partiellement,N/A - hors champ
Le Val-Saint-Père,C - Classée en ZRR,C - Commune classée,NC - Non classée en ZoRCoMiR,N/A - hors champ,NC - Non éligible,N/A - hors champ
Le Vast,NC - Non classée,NC - Non classée,NC - Non classée en ZoRCoMiR,N/A - hors champ,NC - Non éligible,N/A - hors champ
Le Vicel,NC - Non classée,NC - Non classée,C - Classée en ZoRCoMiR,N/A - hors champ,NC - Non éligible,N/A - hors champ
Lengronne,NC - Non classée,NC - Non classée,C - Classée en ZoRCoMiR,N/A - hors champ,NC - Non éligible,N/A - hors champ
Les Cresnays,C - Classée en ZRR,NC - Non classée,C - Classée en ZoRCoMiR,N/A - hors champ,NC - Non éligible,N/A - hors champ
Les Loges-Marchis,C - Classée en ZRR,NC - Non classée,C - Classée en ZoRCoMiR,N/A - hors champ,T - Intégralement,N/A - hors champ
Les Loges-sur-Brécey,C - Classée en ZRR,NC - Non classée,C - Classée en ZoRCoMiR,N/A - hors champ,NC - Non éligible,N/A - hors champ
Les Moitiers-d'Allonne,NC - Non classée,C - Commune classée,NC - Non classée en ZoRCoMiR,N/A - hors champ,NC - Non éligible,N/A - hors champ
Les Pieux,NC - Non classée,C - Commune classée,NC - Non classée en ZoRCoMiR,N/A - hors champ,NC - Non éligible,N/A - hors champ
Lessay,C - Classée en ZRR,C - Commune classée,NC - Non classée en ZoRCoMiR,FR8000021 - PNR des Marais du Cotentin et du Bessin,NC - Non éligible,N/A - hors champ
Lestre,NC - Non classée,C - Commune classée,C - Classée en ZoRCoMiR,FR8000021 - PNR des Marais du Cotentin et du Bessin,NC - Non éligible,N/A - hors champ
L'Étang-Bertrand,NC - Non classée,NC - Non classée,C - Classée en ZoRCoMiR,N/A - hors champ,NC - Non éligible,N/A - hors champ
Liesville-sur-Douve,C - Classée en ZRR,NC - Non classée,C - Classée en ZoRCoMiR,FR8000021 - PNR des Marais du Cotentin et du Bessin,NC - Non éligible,N/A - hors champ
Lieusaint,NC - Non classée,NC - Non classée,C - Classée en ZoRCoMiR,N/A - hors champ,NC - Non éligible,N/A - hors champ
Lingeard,C - Classée en ZRR,NC - Non classée,C - Classée en ZoRCoMiR,N/A - hors champ,NC - Non éligible,N/A - hors champ
Lingreville,NC - Non classée,C - Commune classée,NC - Non classée en ZoRCoMiR,N/A - hors champ,NC - Non éligible,N/A - hors champ
Lolif,C - Classée en ZRR,NC - Non classée,C - Classée en ZoRCoMiR,N/A - hors champ,NC - Non éligible,N/A - hors champ
Longueville,NC - Non classée,NC - Non classée,NC - Non classée en ZoRCoMiR,N/A - hors champ,NC - Non éligible,N/A - hors champ
Magneville,NC - Non classée,NC - Non classée,C - Classée en ZoRCoMiR,FR8000021 - PNR des Marais du Cotentin et du Bessin,NC - Non éligible,N/A - hors champ
Marcey-les-Grèves,C - Classée en ZRR,C - Commune classée,NC - Non classée en ZoRCoMiR,N/A - hors champ,NC - Non éligible,N/A - hors champ
Marchésieux,C - Classée en ZRR,NC - Non classée,C - Classée en ZoRCoMiR,FR8000021 - PNR des Marais du Cotentin et du Bessin,NC - Non éligible,N/A - hors champ
Marcilly,C - Classée en ZRR,NC - Non classée,C - Classée en ZoRCoMiR,N/A - hors champ,NC - Non éligible,N/A - hors champ
Margueray,C - Classée en ZRR,NC - Non classée,C - Classée en ZoRCoMiR,N/A - hors champ,NC - Non éligible,N/A - hors champ
Marigny-Le-Lozon,NC - Non classée,NC - Non classée,NC - Non classée en ZoRCoMiR,FR8000021 - PNR des Marais du Cotentin et du Bessin,NC - Non éligible,N/A - hors champ
Martinvast,NC - Non classée,NC - Non classée,NC - Non classée en ZoRCoMiR,N/A - hors champ,NC - Non éligible,N/A - hors champ
Maupertuis,C - Classée en ZRR,NC - Non classée,C - Classée en ZoRCoMiR,N/A - hors champ,NC - Non éligible,N/A - hors champ
Maupertus-sur-Mer,NC - Non classée,C - Commune classée,NC - Non classée en ZoRCoMiR,N/A - hors champ,NC - Non éligible,N/A - hors champ
Méautis,C - Classée en ZRR,NC - Non classée,C - Classée en ZoRCoMiR,FR8000021 - PNR des Marais du Cotentin et du Bessin,T - Intégralement,N/A - hors champ
Millières,C - Classée en ZRR,NC - Non classée,C - Classée en ZoRCoMiR,FR8000021 - PNR des Marais du Cotentin et du Bessin,NC - Non éligible,N/A - hors champ
Montabot,C - Classée en ZRR,NC - Non classée,C - Classée en ZoRCoMiR,N/A - hors champ,NC - Non éligible,N/A - hors champ
Montaigu-la-Brisette,NC - Non classée,NC - Non classée,C - Classée en ZoRCoMiR,N/A - hors champ,NC - Non éligible,N/A - hors champ
Montaigu-les-Bois,NC - Non classée,NC - Non classée,C - Classée en ZoRCoMiR,N/A - hors champ,NC - Non éligible,N/A - hors champ
Montbray,C - Classée en ZRR,NC - Non classée,C - Classée en ZoRCoMiR,N/A - hors champ,NC - Non éligible,N/A - hors champ
Montcuit,NC - Non classée,NC - Non classée,C - Classée en ZoRCoMiR,N/A - hors champ,NC - Non éligible,N/A - hors champ
Montebourg,NC - Non classée,NC - Non classée,NC - Non classée en ZoRCoMiR,N/A - hors champ,NC - Non éligible,N/A - hors champ
Montfarville,NC - Non classée,C - Commune classée,C - Classée en ZoRCoMiR,N/A - hors champ,NC - Non éligible,N/A - hors champ
Monthuchon,NC - Non classée,NC - Non classée,C - Classée en ZoRCoMiR,N/A - hors champ,NC - Non éligible,N/A - hors champ
Montjoie-Saint-Martin,C - Classée en ZRR,NC - Non classée,C - Classée en ZoRCoMiR,N/A - hors champ,NC - Non éligible,N/A - hors champ
Montmartin-sur-Mer,NC - Non classée,C - Commune classée,NC - Non classée en ZoRCoMiR,N/A - hors champ,NC - Non éligible,N/A - hors champ
Montpinchon,NC - Non classée,NC - Non classée,C - Classée en ZoRCoMiR,N/A - hors champ,NC - Non éligible,N/A - hors champ
Montrabot,NC - Non classée,NC - Non classée,C - Classée en ZoRCoMiR,N/A - hors champ,NC - Non éligible,N/A - hors champ
Montreuil-sur-Lozon,NC - Non classée,NC - Non classée,NC - Non classée en ZoRCoMiR,N/A - hors champ,NC - Non éligible,N/A - hors champ
Montsenelle,C - Classée en ZRR,NC - Non classée,NC - Non classée en ZoRCoMiR,FR8000021 - PNR des Marais du Cotentin et du Bessin,NC - Non éligible,N/A - hors champ
Moon-sur-Elle,NC - Non classée,NC - Non classée,NC - Non classée en ZoRCoMiR,FR8000021 - PNR des Marais du Cotentin et du Bessin,NC - Non éligible,N/A - hors champ
Morigny,C - Classée en ZRR,NC - Non classée,C - Classée en ZoRCoMiR,N/A - hors champ,NC - Non éligible,N/A - hors champ
Mortain-Bocage,C - Classée en ZRR,NC - Non classée,NC - Non classée en ZoRCoMiR,FR8000026 - PNR Normandie-Maine,P - Partiellement,N/A - hors champ
Morville,NC - Non classée,NC - Non classée,C - Classée en ZoRCoMiR,N/A - hors champ,NC - Non éligible,N/A - hors champ
Moulines,C - Classée en ZRR,NC - Non classée,C - Classée en ZoRCoMiR,N/A - hors champ,T - Intégralement,N/A - hors champ
Moyon Villages,NC - Non classée,NC - Non classée,NC - Non classée en ZoRCoMiR,N/A - hors champ,P - Partiellement,N/A - hors champ
Muneville-le-Bingard,NC - Non classée,NC - Non classée,NC - Non classée en ZoRCoMiR,FR8000021 - PNR des Marais du Cotentin et du Bessin,NC - Non éligible,N/A - hors champ
Muneville-sur-Mer,NC - Non classée,NC - Non classée,C - Classée en ZoRCoMiR,N/A - hors champ,NC - Non éligible,N/A - hors champ
Nay,C - Classée en ZRR,NC - Non classée,C - Classée en ZoRCoMiR,FR8000021 - PNR des Marais du Cotentin et du Bessin,NC - Non éligible,N/A - hors champ
Négreville,NC - Non classée,NC - Non classée,C - Classée en ZoRCoMiR,N/A - hors champ,NC - Non éligible,N/A - hors champ
Néhou,NC - Non classée,NC - Non classée,C - Classée en ZoRCoMiR,FR8000021 - PNR des Marais du Cotentin et du Bessin,NC - Non éligible,N/A - hors champ
Neufmesnil,C - Classée en ZRR,NC - Non classée,C - Classée en ZoRCoMiR,FR8000021 - PNR des Marais du Cotentin et du Bessin,NC - Non éligible,N/A - hors champ
Neuville-au-Plain,C - Classée en ZRR,NC - Non classée,C - Classée en ZoRCoMiR,FR8000021 - PNR des Marais du Cotentin et du Bessin,T - Intégralement,N/A - hors champ
Neuville-en-Beaumont,NC - Non classée,NC - Non classée,C - Classée en ZoRCoMiR,FR8000021 - PNR des Marais du Cotentin et du Bessin,NC - Non éligible,N/A - hors champ
Nicorps,NC - Non classée,NC - Non classée,C - Classée en ZoRCoMiR,N/A - hors champ,NC - Non éligible,N/A - hors champ
Notre-Dame-de-Cenilly,NC - Non classée,NC - Non classée,C - Classée en ZoRCoMiR,N/A - hors champ,NC - Non éligible,N/A - hors champ
Notre-Dame-de-Livoye,C - Classée en ZRR,NC - Non classée,C - Classée en ZoRCoMiR,N/A - hors champ,NC - Non éligible,N/A - hors champ
Nouainville,NC - Non classée,NC - Non classée,NC - Non classée en ZoRCoMiR,N/A - hors champ,NC - Non éligible,N/A - hors champ
Octeville-l'Avenel,NC - Non classée,NC - Non classée,C - Classée en ZoRCoMiR,N/A - hors champ,NC - Non éligible,N/A - hors champ
Orglandes,NC - Non classée,NC - Non classée,C - Classée en ZoRCoMiR,FR8000021 - PNR des Marais du Cotentin et du Bessin,NC - Non éligible,N/A - hors champ
Orval sur Sienne,NC - Non classée,C - Commune classée,NC - Non classée en ZoRCoMiR,N/A - hors champ,NC - Non éligible,N/A - hors champ
Ouville,NC - Non classée,NC - Non classée,C - Classée en ZoRCoMiR,N/A - hors champ,NC - Non éligible,N/A - hors champ
Ozeville,NC - Non classée,NC - Non classée,C - Classée en ZoRCoMiR,N/A - hors champ,NC - Non éligible,N/A - hors champ
Percy-en-Normandie,C - Classée en ZRR,NC - Non classée,NC - Non classée en ZoRCoMiR,N/A - hors champ,NC - Non éligible,N/A - hors champ
Périers,C - Classée en ZRR,NC - Non classée,NC - Non classée en ZoRCoMiR,FR8000021 - PNR des Marais du Cotentin et du Bessin,T - Intégralement,N/A - hors champ
Perriers-en-Beauficel,C - Classée en ZRR,NC - Non classée,C - Classée en ZoRCoMiR,N/A - hors champ,NC - Non éligible,N/A - hors champ
Picauville,C - Classée en ZRR,NC - Non classée,NC - Non classée en ZoRCoMiR,FR8000021 - PNR des Marais du Cotentin et du Bessin,P - Partiellement,N/A - hors champ
Pierreville,NC - Non classée,NC - Non classée,C - Classée en ZoRCoMiR,N/A - hors champ,NC - Non éligible,N/A - hors champ
Pirou,C - Classée en ZRR,C - Commune classée,NC - Non classée en ZoRCoMiR,FR8000021 - PNR des Marais du Cotentin et du Bessin,NC - Non éligible,N/A - hors champ
Poilley,C - Classée en ZRR,C - Commune classée,NC - Non classée en ZoRCoMiR,N/A - hors champ,T - Intégralement,N/A - hors champ
Pontaubault,C - Classée en ZRR,C - Commune classée,NC - Non classée en ZoRCoMiR,N/A - hors champ,NC - Non éligible,N/A - hors champ
Pont-Hébert,NC - Non classée,NC - Non classée,NC - Non classée en ZoRCoMiR,FR8000021 - PNR des Marais du Cotentin et du Bessin,NC - Non éligible,N/A - hors champ
Pontorson,C - Classée en ZRR,C - Commune classée,NC - Non classée en ZoRCoMiR,N/A - hors champ,NC - Non éligible,N/A - hors champ
Ponts,C - Classée en ZRR,NC - Non classée,NC - Non classée en ZoRCoMiR,N/A - hors champ,NC - Non éligible,N/A - hors champ
Port-Bail-sur-Mer,NC - Non classée,C - Commune classée,NC - Non classée en ZoRCoMiR,N/A - hors champ,NC - Non éligible,N/A - hors champ
Précey,C - Classée en ZRR,NC - Non classée,C - Classée en ZoRCoMiR,N/A - hors champ,NC - Non éligible,N/A - hors champ
Quettehou,NC - Non classée,C - Commune classée,NC - Non classée en ZoRCoMiR,FR8000021 - PNR des Marais du Cotentin et du Bessin,NC - Non éligible,N/A - hors champ
Quettreville-sur-Sienne,NC - Non classée,NC - Non classée,NC - Non classée en ZoRCoMiR,N/A - hors champ,NC - Non éligible,N/A - hors champ
Quibou,NC - Non classée,NC - Non classée,NC - Non classée en ZoRCoMiR,N/A - hors champ,NC - Non éligible,N/A - hors champ
Quinéville,NC - Non classée,C - Commune classée,C - Classée en ZoRCoMiR,FR8000021 - PNR des Marais du Cotentin et du Bessin,NC - Non éligible,N/A - hors champ
Raids,C - Classée en ZRR,NC - Non classée,C - Classée en ZoRCoMiR,FR8000021 - PNR des Marais du Cotentin et du Bessin,T - Intégralement,N/A - hors champ
Rampan,NC - Non classée,NC - Non classée,NC - Non classée en ZoRCoMiR,FR8000021 - PNR des Marais du Cotentin et du Bessin,NC - Non éligible,N/A - hors champ
Rauville-la-Bigot,NC - Non classée,NC - Non classée,NC - Non classée en ZoRCoMiR,N/A - hors champ,NC - Non éligible,N/A - hors champ
Rauville-la-Place,NC - Non classée,NC - Non classée,C - Classée en ZoRCoMiR,FR8000021 - PNR des Marais du Cotentin et du Bessin,NC - Non éligible,N/A - hors champ
Reffuveille,C - Classée en ZRR,NC - Non classée,C - Classée en ZoRCoMiR,N/A - hors champ,NC - Non éligible,N/A - hors champ
Regnéville-sur-Mer,NC - Non classée,C - Commune classée,NC - Non classée en ZoRCoMiR,N/A - hors champ,NC - Non éligible,N/A - hors champ
Reigneville-Bocage,NC - Non classée,NC - Non classée,C - Classée en ZoRCoMiR,N/A - hors champ,NC - Non éligible,N/A - hors champ
Remilly Les Marais,NC - Non classée,NC - Non classée,NC - Non classée en ZoRCoMiR,FR8000021 - PNR des Marais du Cotentin et du Bessin,NC - Non éligible,N/A - hors champ
Réville,NC - Non classée,C - Commune classée,NC - Non classée en ZoRCoMiR,N/A - hors champ,NC - Non éligible,N/A - hors champ
Rocheville,NC - Non classée,NC - Non classée,NC - Non classée en ZoRCoMiR,N/A - hors champ,NC - Non éligible,N/A - hors champ
Romagny Fontenay,C - Classée en ZRR,NC - Non classée,C - Classée en ZoRCoMiR,N/A - hors champ,P - Partiellement,N/A - hors champ
Roncey,NC - Non classée,NC - Non classée,NC - Non classée en ZoRCoMiR,N/A - hors champ,NC - Non éligible,N/A - hors champ
Sacey,C - Classée en ZRR,NC - Non classée,C - Classée en ZoRCoMiR,N/A - hors champ,NC - Non éligible,N/A - hors champ
Saint-Amand-Villages,NC - Non classée,NC - Non classée,NC - Non classée en ZoRCoMiR,N/A - hors champ,NC - Non éligible,N/A - hors champ
Saint-André-de-Bohon,C - Classée en ZRR,NC - Non classée,C - Classée en ZoRCoMiR,FR8000021 - PNR des Marais du Cotentin et du Bessin,NC - Non éligible,N/A - hors champ
Saint-André-de-l'Épine,NC - Non classée,NC - Non classée,NC - Non classée en ZoRCoMiR,N/A - hors champ,NC - Non éligible,N/A - hors champ
Saint-Aubin-des-Préaux,NC - Non classée,NC - Non classée,NC - Non classée en ZoRCoMiR,N/A - hors champ,NC - Non éligible,N/A - hors champ
Saint-Aubin-de-Terregatte,C - Classée en ZRR,NC - Non classée,C - Classée en ZoRCoMiR,N/A - hors champ,NC - Non éligible,N/A - hors champ
Saint-Barthélemy,C - Classée en ZRR,NC - Non classée,C - Classée en ZoRCoMiR,N/A - hors champ,NC - Non éligible,N/A - hors champ
Saint-Brice,C - Classée en ZRR,NC - Non classée,NC - Non classée en ZoRCoMiR,N/A - hors champ,NC - Non éligible,N/A - hors champ
Saint-Brice-de-Landelles,C - Classée en ZRR,NC - Non classée,C - Classée en ZoRCoMiR,N/A - hors champ,NC - Non éligible,N/A - hors champ
Saint-Christophe-du-Foc,NC - Non classée,NC - Non classée,NC - Non classée en ZoRCoMiR,N/A - hors champ,NC - Non éligible,N/A - hors champ
Saint-Clair-sur-l'Elle,NC - Non classée,NC - Non classée,NC - Non classée en ZoRCoMiR,N/A - hors champ,NC - Non éligible,N/A - hors champ
Saint-Clément-Rancoudray,C - Classée en ZRR,NC - Non classée,C - Classée en ZoRCoMiR,N/A - hors champ,T - Intégralement,N/A - hors champ
Saint-Cyr,NC - Non classée,NC - Non classée,C - Classée en ZoRCoMiR,N/A - hors champ,NC - Non éligible,N/A - hors champ
Saint-Cyr-du-Bailleul,C - Classée en ZRR,NC - Non classée,C - Classée en ZoRCoMiR,FR8000026 - PNR Normandie-Maine,NC - Non éligible,N/A - hors champ
Saint-Denis-le-Gast,NC - Non classée,NC - Non classée,C - Classée en ZoRCoMiR,N/A - hors champ,NC - Non éligible,N/A - hors champ
Saint-Denis-le-Vêtu,NC - Non classée,NC - Non classée,C - Classée en ZoRCoMiR,N/A - hors champ,NC - Non éligible,N/A - hors champ
Sainte-Cécile,C - Classée en ZRR,NC - Non classée,NC - Non classée en ZoRCoMiR,N/A - hors champ,T - Intégralement,N/A - hors champ
Sainte-Colombe,NC - Non classée,NC - Non classée,C - Classée en ZoRCoMiR,FR8000021 - PNR des Marais du Cotentin et du Bessin,NC - Non éligible,N/A - hors champ
Sainte-Geneviève,NC - Non classée,NC - Non classée,C - Classée en ZoRCoMiR,N/A - hors champ,NC - Non éligible,N/A - hors champ
Sainte-Marie-du-Mont,C - Classée en ZRR,C - Commune classée,NC - Non classée en ZoRCoMiR,FR8000021 - PNR des Marais du Cotentin et du Bessin,NC - Non éligible,N/A - hors champ
Sainte-Mère-Église,C - Classée en ZRR,C - Commune classée,NC - Non classée en ZoRCoMiR,FR8000021 - PNR des Marais du Cotentin et du Bessin,P - Partiellement,N/A - hors champ
Sainte-Suzanne-sur-Vire,NC - Non classée,NC - Non classée,NC - Non classée en ZoRCoMiR,N/A - hors champ,T - Intégralement,N/A - hors champ
Saint-Floxel,NC - Non classée,NC - Non classée,C - Classée en ZoRCoMiR,N/A - hors champ,NC - Non éligible,N/A - hors champ
Saint-Fromond,NC - Non classée,NC - Non classée,C - Classée en ZoRCoMiR,FR8000021 - PNR des Marais du Cotentin et du Bessin,NC - Non éligible,N/A - hors champ
Saint-Georges-de-la-Rivière,NC - Non classée,C - Commune classée,C - Classée en ZoRCoMiR,N/A - hors champ,NC - Non éligible,N/A - hors champ
Saint-Georges-de-Livoye,C - Classée en ZRR,NC - Non classée,C - Classée en ZoRCoMiR,N/A - hors champ,NC - Non éligible,N/A - hors champ
Saint-Georges-d'Elle,NC - Non classée,NC - Non classée,NC - Non classée en ZoRCoMiR,N/A - hors champ,NC - Non éligible,N/A - hors champ
Saint-Georges-de-Rouelley,C - Classée en ZRR,NC - Non classée,C - Classée en ZoRCoMiR,FR8000026 - PNR Normandie-Maine,NC - Non éligible,N/A - hors champ
Saint-Georges-Montcocq,NC - Non classée,NC - Non classée,NC - Non classée en ZoRCoMiR,N/A - hors champ,NC - Non éligible,N/A - hors champ
Saint-Germain-d'Elle,NC - Non classée,NC - Non classée,NC - Non classée en ZoRCoMiR,N/A - hors champ,NC - Non éligible,N/A - hors champ
Saint-Germain-de-Tournebut,NC - Non classée,NC - Non classée,C - Classée en ZoRCoMiR,N/A - hors champ,NC - Non éligible,N/A - hors champ
Saint-Germain-de-Varreville,C - Classée en ZRR,C - Commune classée,C - Classée en ZoRCoMiR,FR8000021 - PNR des Marais du Cotentin et du Bessin,NC - Non éligible,N/A - hors champ
Saint-Germain-le-Gaillard,NC - Non classée,NC - Non classée,C - Classée en ZoRCoMiR,N/A - hors champ,NC - Non éligible,N/A - hors champ
Saint-Germain-sur-Ay,C - Classée en ZRR,C - Commune classée,NC - Non classée en ZoRCoMiR,FR8000021 - PNR des Marais du Cotentin et du Bessin,NC - Non éligible,N/A - hors champ
Saint-Germain-sur-Sèves,C - Classée en ZRR,NC - Non classée,C - Classée en ZoRCoMiR,FR8000021 - PNR des Marais du Cotentin et du Bessin,NC - Non éligible,N/A - hors champ
Saint-Gilles,NC - Non classée,NC - Non classée,NC - Non classée en ZoRCoMiR,N/A - hors champ,NC - Non éligible,N/A - hors champ
Saint-Hilaire-du-Harcouët,C - Classée en ZRR,NC - Non classée,NC - Non classée en ZoRCoMiR,N/A - hors champ,NC - Non éligible,N/A - hors champ
Saint-Jacques-de-Néhou,NC - Non classée,NC - Non classée,C - Classée en ZoRCoMiR,N/A - hors champ,NC - Non éligible,N/A - hors champ
Saint-James,C - Classée en ZRR,NC - Non classée,NC - Non classée en ZoRCoMiR,N/A - hors champ,NC - Non éligible,N/A - hors champ
Saint-Jean-de-Daye,NC - Non classée,NC - Non classée,NC - Non classée en ZoRCoMiR,FR8000021 - PNR des Marais du Cotentin et du Bessin,T - Intégralement,N/A - hors champ
Saint-Jean-de-la-Haize,C - Classée en ZRR,NC - Non classée,NC - Non classée en ZoRCoMiR,N/A - hors champ,NC - Non éligible,N/A - hors champ
Saint-Jean-de-la-Rivière,NC - Non classée,C - Commune classée,NC - Non classée en ZoRCoMiR,N/A - hors champ,NC - Non éligible,N/A - hors champ
Saint-Jean-d'Elle,NC - Non classée,NC - Non classée,NC - Non classée en ZoRCoMiR,N/A - hors champ,NC - Non éligible,N/A - hors champ
Saint-Jean-de-Savigny,NC - Non classée,NC - Non classée,NC - Non classée en ZoRCoMiR,N/A - hors champ,NC - Non éligible,N/A - hors champ
Saint-Jean-des-Champs,NC - Non classée,NC - Non classée,NC - Non classée en ZoRCoMiR,N/A - hors champ,NC - Non éligible,N/A - hors champ
Saint-Jean-du-Corail-des-Bois,C - Classée en ZRR,NC - Non classée,C - Classée en ZoRCoMiR,N/A - hors champ,T - Intégralement,N/A - hors champ
Saint-Jean-le-Thomas,C - Classée en ZRR,C - Commune classée,NC - Non classée en ZoRCoMiR,N/A - hors champ,NC - Non éligible,N/A - hors champ
Saint-Joseph,NC - Non classée,NC - Non classée,NC - Non classée en ZoRCoMiR,N/A - hors champ,T - Intégralement,N/A - hors champ
Saint-Laurent-de-Cuves,C - Classée en ZRR,NC - Non classée,C - Classée en ZoRCoMiR,N/A - hors champ,NC - Non éligible,N/A - hors champ
Saint-Laurent-de-Terregatte,C - Classée en ZRR,NC - Non classée,C - Classée en ZoRCoMiR,N/A - hors champ,NC - Non éligible,N/A - hors champ
Saint-Lô,NC - Non classée,NC - Non classée,NC - Non classée en ZoRCoMiR,N/A - hors champ,T - Intégralement,acv180 - Saint-Lô
Saint-Louet-sur-Vire,NC - Non classée,NC - Non classée,C - Classée en ZoRCoMiR,N/A - hors champ,T - Intégralement,N/A - hors champ
Saint-Loup,C - Classée en ZRR,NC - Non classée,NC - Non classée en ZoRCoMiR,N/A - hors champ,NC - Non éligible,N/A - hors champ
Saint-Malo-de-la-Lande,NC - Non classée,NC - Non classée,C - Classée en ZoRCoMiR,N/A - hors champ,NC - Non éligible,N/A - hors champ
Saint-Marcouf,NC - Non classée,C - Commune classée,C - Classée en ZoRCoMiR,FR8000021 - PNR des Marais du Cotentin et du Bessin,NC - Non éligible,N/A - hors champ
Saint-Martin-d'Aubigny,C - Classée en ZRR,NC - Non classée,C - Classée en ZoRCoMiR,FR8000021 - PNR des Marais du Cotentin et du Bessin,NC - Non éligible,N/A - hors champ
Saint-Martin-d'Audouville,NC - Non classée,NC - Non classée,C - Classée en ZoRCoMiR,N/A - hors champ,NC - Non éligible,N/A - hors champ
Saint-Martin-de-Bonfossé,NC - Non classée,NC - Non classée,NC - Non classée en ZoRCoMiR,N/A - hors champ,NC - Non éligible,N/A - hors champ
Saint-Martin-de-Cenilly,NC - Non classée,NC - Non classée,C - Classée en ZoRCoMiR,N/A - hors champ,NC - Non éligible,N/A - hors champ
Saint-Martin-de-Varreville,C - Classée en ZRR,C - Commune classée,C - Classée en ZoRCoMiR,FR8000021 - PNR des Marais du Cotentin et du Bessin,NC - Non éligible,N/A - hors champ
Saint-Martin-le-Bouillant,C - Classée en ZRR,NC - Non classée,C - Classée en ZoRCoMiR,N/A - hors champ,NC - Non éligible,N/A - hors champ
Saint-Martin-le-Gréard,NC - Non classée,NC - Non classée,NC - Non classée en ZoRCoMiR,N/A - hors champ,NC - Non éligible,N/A - hors champ
Saint-Maur-des-Bois,C - Classée en ZRR,NC - Non classée,C - Classée en ZoRCoMiR,N/A - hors champ,NC - Non éligible,N/A - hors champ
Saint-Maurice-en-Cotentin,NC - Non classée,NC - Non classée,C - Classée en ZoRCoMiR,N/A - hors champ,NC - Non éligible,N/A - hors champ
Saint-Michel-de-Montjoie,C - Classée en ZRR,NC - Non classée,C - Classée en ZoRCoMiR,N/A - hors champ,NC - Non éligible,N/A - hors champ
Saint-Nicolas-de-Pierrepont,C - Classée en ZRR,NC - Non classée,C - Classée en ZoRCoMiR,FR8000021 - PNR des Marais du Cotentin et du Bessin,NC - Non éligible,N/A - hors champ
Saint-Nicolas-des-Bois,C - Classée en ZRR,NC - Non classée,C - Classée en ZoRCoMiR,N/A - hors champ,NC - Non éligible,N/A - hors champ
Saint-Ovin,C - Classée en ZRR,NC - Non classée,NC - Non classée en ZoRCoMiR,N/A - hors champ,NC - Non éligible,N/A - hors champ
Saint-Pair-sur-Mer,NC - Non classée,C - Commune classée,NC - Non classée en ZoRCoMiR,N/A - hors champ,NC - Non éligible,N/A - hors champ
Saint-Patrice-de-Claids,C - Classée en ZRR,NC - Non classée,C - Classée en ZoRCoMiR,FR8000021 - PNR des Marais du Cotentin et du Bessin,NC - Non éligible,N/A - hors champ
Saint-Pierre-d'Arthéglise,NC - Non classée,NC - Non classée,C - Classée en ZoRCoMiR,N/A - hors champ,NC - Non éligible,N/A - hors champ
Saint-Pierre-de-Coutances,NC - Non classée,NC - Non classée,C - Classée en ZoRCoMiR,N/A - hors champ,NC - Non éligible,N/A - hors champ
Saint-Pierre-de-Semilly,NC - Non classée,NC - Non classée,NC - Non classée en ZoRCoMiR,N/A - hors champ,NC - Non éligible,N/A - hors champ
Saint-Pierre-Église,NC - Non classée,NC - Non classée,NC - Non classée en ZoRCoMiR,N/A - hors champ,NC - Non éligible,N/A - hors champ
Saint-Pierre-Langers,NC - Non classée,NC - Non classée,NC - Non classée en ZoRCoMiR,N/A - hors champ,NC - Non éligible,N/A - hors champ
Saint-Planchers,NC - Non classée,NC - Non classée,NC - Non classée en ZoRCoMiR,N/A - hors champ,NC - Non éligible,N/A - hors champ
Saint-Pois,C - Classée en ZRR,NC - Non classée,C - Classée en ZoRCoMiR,N/A - hors champ,NC - Non éligible,N/A - hors champ
Saint-Quentin-sur-le-Homme,C - Classée en ZRR,C - Commune classée,NC - Non classée en ZoRCoMiR,N/A - hors champ,T - Intégralement,N/A - hors champ
Saint-Sauveur-de-Pierrepont,C - Classée en ZRR,NC - Non classée,C - Classée en ZoRCoMiR,FR8000021 - PNR des Marais du Cotentin et du Bessin,NC - Non éligible,N/A - hors champ
Saint-Sauveur-la-Pommeraye,NC - Non classée,NC - Non classée,NC - Non classée en ZoRCoMiR,N/A - hors champ,NC - Non éligible,N/A - hors champ
Saint-Sauveur-le-Vicomte,NC - Non classée,NC - Non classée,NC - Non classée en ZoRCoMiR,FR8000021 - PNR des Marais du Cotentin et du Bessin,NC - Non éligible,N/A - hors champ
Saint-Sauveur-Villages,NC - Non classée,NC - Non classée,NC - Non classée en ZoRCoMiR,FR8000021 - PNR des Marais du Cotentin et du Bessin,NC - Non éligible,N/A - hors champ
Saint-Sébastien-de-Raids,C - Classée en ZRR,NC - Non classée,C - Classée en ZoRCoMiR,FR8000021 - PNR des Marais du Cotentin et du Bessin,T - Intégralement,N/A - hors champ
Saint-Senier-de-Beuvron,C - Classée en ZRR,NC - Non classée,C - Classée en ZoRCoMiR,N/A - hors champ,NC - Non éligible,N/A - hors champ
Saint-Senier-sous-Avranches,C - Classée en ZRR,NC - Non classée,NC - Non classée en ZoRCoMiR,N/A - hors champ,NC - Non éligible,N/A - hors champ
Saint-Vaast-la-Hougue,NC - Non classée,C - Commune classée,NC - Non classée en ZoRCoMiR,N/A - hors champ,NC - Non éligible,N/A - hors champ
Saint-Vigor-des-Monts,NC - Non classée,NC - Non classée,C - Classée en ZoRCoMiR,N/A - hors champ,NC - Non éligible,N/A - hors champ
Sartilly-Baie-Bocage,C - Classée en ZRR,NC - Non classée,NC - Non classée en ZoRCoMiR,N/A - hors champ,NC - Non éligible,N/A - hors champ
Saussemesnil,NC - Non classée,NC - Non classée,NC - Non classée en ZoRCoMiR,N/A - hors champ,NC - Non éligible,N/A - hors champ
Saussey,NC - Non classée,NC - Non classée,C - Classée en ZoRCoMiR,N/A - hors champ,NC - Non éligible,N/A - hors champ
Savigny,NC - Non classée,NC - Non classée,C - Classée en ZoRCoMiR,N/A - hors champ,NC - Non éligible,N/A - hors champ
Savigny-le-Vieux,C - Classée en ZRR,NC - Non classée,C - Classée en ZoRCoMiR,N/A - hors champ,NC - Non éligible,N/A - hors champ
Sébeville,C - Classée en ZRR,NC - Non classée,C - Classée en ZoRCoMiR,FR8000021 - PNR des Marais du Cotentin et du Bessin,NC - Non éligible,N/A - hors champ
Sénoville,NC - Non classée,NC - Non classée,C - Classée en ZoRCoMiR,N/A - hors champ,NC - Non éligible,N/A - hors champ
Servon,C - Classée en ZRR,NC - Non classée,C - Classée en ZoRCoMiR,N/A - hors champ,NC - Non éligible,N/A - hors champ
Sideville,NC - Non classée,NC - Non classée,NC - Non classée en ZoRCoMiR,N/A - hors champ,NC - Non éligible,N/A - hors champ
Siouville-Hague,NC - Non classée,C - Commune classée,NC - Non classée en ZoRCoMiR,N/A - hors champ,NC - Non éligible,N/A - hors champ
Sortosville,NC - Non classée,NC - Non classée,C - Classée en ZoRCoMiR,N/A - hors champ,NC - Non éligible,N/A - hors champ
Sortosville-en-Beaumont,NC - Non classée,NC - Non classée,C - Classée en ZoRCoMiR,N/A - hors champ,NC - Non éligible,N/A - hors champ
Sottevast,NC - Non classée,NC - Non classée,NC - Non classée en ZoRCoMiR,N/A - hors champ,T - Intégralement,N/A - hors champ
Sotteville,NC - Non classée,NC - Non classée,NC - Non classée en ZoRCoMiR,N/A - hors champ,NC - Non éligible,N/A - hors champ
Sourdeval,C - Classée en ZRR,NC - Non classée,NC - Non classée en ZoRCoMiR,N/A - hors champ,P - Partiellement,N/A - hors champ
Subligny,C - Classée en ZRR,NC - Non classée,C - Classée en ZoRCoMiR,N/A - hors champ,NC - Non éligible,N/A - hors champ
Surtainville,NC - Non classée,C - Commune classée,NC - Non classée en ZoRCoMiR,N/A - hors champ,NC - Non éligible,N/A - hors champ
Taillepied,NC - Non classée,NC - Non classée,C - Classée en ZoRCoMiR,N/A - hors champ,NC - Non éligible,N/A - hors champ
Tamerville,NC - Non classée,NC - Non classée,C - Classée en ZoRCoMiR,N/A - hors champ,NC - Non éligible,N/A - hors champ
Tanis,C - Classée en ZRR,NC - Non classée,C - Classée en ZoRCoMiR,N/A - hors champ,NC - Non éligible,N/A - hors champ
Terre-et-Marais,C - Classée en ZRR,NC - Non classée,NC - Non classée en ZoRCoMiR,FR8000021 - PNR des Marais du Cotentin et du Bessin,P - Partiellement,N/A - hors champ
Tessy-Bocage,P - Partiellement classée en ZRR,NC - Non classée,NC - Non classée en ZoRCoMiR,N/A - hors champ,P - Partiellement,N/A - hors champ
Teurthéville-Bocage,NC - Non classée,NC - Non classée,C - Classée en ZoRCoMiR,N/A - hors champ,NC - Non éligible,N/A - hors champ
Teurthéville-Hague,NC - Non classée,NC - Non classée,NC - Non classée en ZoRCoMiR,N/A - hors champ,NC - Non éligible,N/A - hors champ
Thèreval,NC - Non classée,NC - Non classée,NC - Non classée en ZoRCoMiR,N/A - hors champ,NC - Non éligible,N/A - hors champ
Théville,NC - Non classée,NC - Non classée,NC - Non classée en ZoRCoMiR,N/A - hors champ,NC - Non éligible,N/A - hors champ
Tirepied-sur-Sée,C - Classée en ZRR,NC - Non classée,C - Classée en ZoRCoMiR,N/A - hors champ,P - Partiellement,N/A - hors champ
Tocqueville,NC - Non classée,NC - Non classée,C - Classée en ZoRCoMiR,N/A - hors champ,NC - Non éligible,N/A - hors champ
Tollevast,NC - Non classée,NC - Non classée,NC - Non classée en ZoRCoMiR,N/A - hors champ,NC - Non éligible,N/A - hors champ
Torigny-les-Villes,NC - Non classée,NC - Non classée,NC - Non classée en ZoRCoMiR,N/A - hors champ,P - Partiellement,N/A - hors champ
Tourville-sur-Sienne,NC - Non classée,C - Commune classée,NC - Non classée en ZoRCoMiR,N/A - hors champ,NC - Non éligible,N/A - hors champ
Tréauville,NC - Non classée,C - Commune classée,NC - Non classée en ZoRCoMiR,N/A - hors champ,NC - Non éligible,N/A - hors champ
Tribehou,C - Classée en ZRR,NC - Non classée,C - Classée en ZoRCoMiR,FR8000021 - PNR des Marais du Cotentin et du Bessin,NC - Non éligible,N/A - hors champ
Turqueville,C - Classée en ZRR,NC - Non classée,C - Classée en ZoRCoMiR,FR8000021 - PNR des Marais du Cotentin et du Bessin,NC - Non éligible,N/A - hors champ
Urville,NC - Non classée,NC - Non classée,C - Classée en ZoRCoMiR,FR8000021 - PNR des Marais du Cotentin et du Bessin,NC - Non éligible,N/A - hors champ
Vains,C - Classée en ZRR,C - Commune classée,NC - Non classée en ZoRCoMiR,N/A - hors champ,NC - Non éligible,N/A - hors champ
Valcanville,NC - Non classée,NC - Non classée,C - Classée en ZoRCoMiR,N/A - hors champ,NC - Non éligible,N/A - hors champ
Valognes,NC - Non classée,NC - Non classée,NC - Non classée en ZoRCoMiR,N/A - hors champ,T - Intégralement,N/A - hors champ
Varenguebec,C - Classée en ZRR,NC - Non classée,C - Classée en ZoRCoMiR,FR8000021 - PNR des Marais du Cotentin et du Bessin,NC - Non éligible,N/A - hors champ
Varouville,NC - Non classée,NC - Non classée,NC - Non classée en ZoRCoMiR,N/A - hors champ,NC - Non éligible,N/A - hors champ
Vaudreville,NC - Non classée,NC - Non classée,C - Classée en ZoRCoMiR,N/A - hors champ,NC - Non éligible,N/A - hors champ
Ver,NC - Non classée,NC - Non classée,C - Classée en ZoRCoMiR,N/A - hors champ,NC - Non éligible,N/A - hors champ
Vernix,C - Classée en ZRR,NC - Non classée,C - Classée en ZoRCoMiR,N/A - hors champ,T - Intégralement,N/A - hors champ
Vesly,C - Classée en ZRR,NC - Non classée,C - Classée en ZoRCoMiR,FR8000021 - PNR des Marais du Cotentin et du Bessin,NC - Non éligible,N/A - hors champ
Vicq-sur-Mer,NC - Non classée,C - Commune classée,NC - Non classée en ZoRCoMiR,N/A - hors champ,NC - Non éligible,N/A - hors champ
Videcosville,NC - Non classée,NC - Non classée,C - Classée en ZoRCoMiR,N/A - hors champ,NC - Non éligible,N/A - hors champ
Villebaudon,C - Classée en ZRR,NC - Non classée,NC - Non classée en ZoRCoMiR,N/A - hors champ,NC - Non éligible,N/A - hors champ
Villedieu-les-Poêles-Rouffigny,C - Classée en ZRR,NC - Non classée,NC - Non classée en ZoRCoMiR,N/A - hors champ,NC - Non éligible,N/A - hors champ
Villiers-Fossard,NC - Non classée,NC - Non classée,NC - Non classée en ZoRCoMiR,N/A - hors champ,NC - Non éligible,N/A - hors champ
Virandeville,NC - Non classée,NC - Non classée,NC - Non classée en ZoRCoMiR,N/A - hors champ,NC - Non éligible,N/A - hors champ
Yquelon,NC - Non classée,NC - Non classée,NC - Non classée en ZoRCoMiR,N/A - hors champ,NC - Non éligible,N/A - hors champ
Yvetot-Bocage,NC - Non classée,NC - Non classée,C - Classée en ZoRCoMiR,N/A - hors champ,NC - Non éligible,N/A - hors champ
